recording_id,window_size,segment_idx,audio_path,audio_exists,offset,duration,sample_rate,channels,audio_speech_sec,audio_speech_ratio,audio_mean_db,audio_p20_db,audio_p50_db,audio_p90_db,audio_p95_db,audio_threshold_db,audio_dynamic_range_db,audio_high_energy_ratio,audio_low_energy_ratio,audio_max_speech_sec,audio_max_speech_ratio,audio_max_mean_db,audio_max_p90_db,audio_max_threshold_db,audio_max_minus_mean_p90_db,audio_channel_activity_mean,audio_channel_activity_p90,audio_channel_activity_ratio,audio_frame_count,feature_status
R8003_M8001,30,0,/Users/haojiang/data/AliMeeting/Eval_Ali/Eval_Ali_far/audio_dir/R8003_M8001_MS801.wav,True,90.0,30.0,16000,8,3.89,0.1297,-51.4103,-56.3164,-51.3435,-44.218,-42.4695,-45.0,12.0984,0.1001,0.2001,10.44,0.348,-47.8334,-39.4921,-45.0,4.7259,1.6481,7.0,0.206,2998,ok
R8003_M8001,30,1,/Users/haojiang/data/AliMeeting/Eval_Ali/Eval_Ali_far/audio_dir/R8003_M8001_MS801.wav,True,150.0,30.0,16000,8,15.92,0.5307,-45.7798,-52.7191,-44.1195,-36.7958,-35.1116,-44.7191,15.9233,0.1001,0.2001,16.45,0.5483,-41.9458,-32.5156,-41.1961,4.2802,3.1641,8.0,0.3955,2998,ok
R8003_M8001,30,2,/Users/haojiang/data/AliMeeting/Eval_Ali/Eval_Ali_far/audio_dir/R8003_M8001_MS801.wav,True,180.0,30.0,16000,8,8.74,0.2913,-49.1452,-54.9438,-48.9614,-41.103,-39.1905,-45.0,13.8407,0.1001,0.2001,13.38,0.446,-45.3377,-36.7084,-43.6977,4.3946,2.4573,8.0,0.3072,2998,ok
R8003_M8001,30,3,/Users/haojiang/data/AliMeeting/Eval_Ali/Eval_Ali_far/audio_dir/R8003_M8001_MS801.wav,True,240.0,30.0,16000,8,15.55,0.5183,-46.3232,-53.6502,-44.6115,-36.2003,-34.5689,-45.0,17.4498,0.1001,0.2001,16.96,0.5653,-41.993,-30.9111,-41.7298,5.2892,3.1041,8.0,0.388,2998,ok
R8003_M8001,30,4,/Users/haojiang/data/AliMeeting/Eval_Ali/Eval_Ali_far/audio_dir/R8003_M8001_MS801.wav,True,420.0,30.0,16000,8,16.3,0.5433,-45.0078,-51.9796,-43.0151,-35.9985,-34.4629,-43.9796,15.9811,0.1001,0.2001,16.61,0.5537,-41.2162,-31.6353,-40.3544,4.3632,3.0704,8.0,0.3838,2998,ok
R8003_M8001,30,5,/Users/haojiang/data/AliMeeting/Eval_Ali/Eval_Ali_far/audio_dir/R8003_M8001_MS801.wav,True,810.0,30.0,16000,8,9.14,0.3047,-50.2759,-58.8181,-48.9246,-40.1584,-37.8968,-45.0,18.6597,0.1001,0.2001,15.51,0.517,-46.4361,-35.5606,-45.0,4.5979,2.9937,8.0,0.3742,2998,ok
R8003_M8001,30,6,/Users/haojiang/data/AliMeeting/Eval_Ali/Eval_Ali_far/audio_dir/R8003_M8001_MS801.wav,True,840.0,30.0,16000,8,17.4,0.58,-45.6423,-53.7965,-43.3816,-36.3363,-34.8375,-45.0,17.4602,0.1001,0.2001,18.0,0.6,-41.8314,-31.8366,-41.9691,4.4998,3.5477,8.0,0.4435,2998,ok
R8003_M8001,30,7,/Users/haojiang/data/AliMeeting/Eval_Ali/Eval_Ali_far/audio_dir/R8003_M8001_MS801.wav,True,930.0,30.0,16000,8,16.64,0.5547,-46.2139,-54.3368,-43.848,-36.1173,-34.0488,-45.0,18.2195,0.1001,0.2001,18.43,0.6143,-41.7031,-30.8182,-42.1757,5.299,3.3686,8.0,0.4211,2998,ok
R8003_M8001,30,8,/Users/haojiang/data/AliMeeting/Eval_Ali/Eval_Ali_far/audio_dir/R8003_M8001_MS801.wav,True,1020.0,30.0,16000,8,17.35,0.5783,-44.1773,-51.5225,-42.0119,-34.4314,-32.1785,-43.5225,17.0912,0.1001,0.2001,18.25,0.6083,-40.0434,-29.4741,-40.0702,4.9573,3.3969,8.0,0.4246,2998,ok
R8003_M8001,30,9,/Users/haojiang/data/AliMeeting/Eval_Ali/Eval_Ali_far/audio_dir/R8003_M8001_MS801.wav,True,1050.0,30.0,16000,8,13.93,0.4643,-46.8279,-55.5522,-45.7281,-36.4473,-34.0689,-45.0,19.1049,0.1001,0.2001,19.16,0.6387,-42.5416,-31.0683,-44.6823,5.379,3.7802,8.0,0.4725,2998,ok
R8003_M8001,30,10,/Users/haojiang/data/AliMeeting/Eval_Ali/Eval_Ali_far/audio_dir/R8003_M8001_MS801.wav,True,1110.0,30.0,16000,8,15.78,0.526,-46.4207,-54.1109,-44.4531,-35.8819,-33.9161,-45.0,18.229,0.1001,0.2001,17.54,0.5847,-42.5916,-31.2817,-42.6192,4.6001,3.6217,8.0,0.4527,2998,ok
R8003_M8001,30,11,/Users/haojiang/data/AliMeeting/Eval_Ali/Eval_Ali_far/audio_dir/R8003_M8001_MS801.wav,True,1290.0,30.0,16000,8,7.9,0.2633,-49.3538,-55.5292,-49.4395,-38.8689,-36.2408,-45.0,16.6603,0.1001,0.2001,12.4,0.4133,-45.1905,-33.7363,-43.7583,5.1325,2.0831,8.0,0.2604,2998,ok
R8003_M8001,30,12,/Users/haojiang/data/AliMeeting/Eval_Ali/Eval_Ali_far/audio_dir/R8003_M8001_MS801.wav,True,1410.0,30.0,16000,8,4.29,0.143,-51.9983,-58.0667,-51.466,-43.9646,-42.3392,-45.0,14.1021,0.1001,0.2001,10.5,0.35,-48.4001,-39.5067,-45.0,4.4578,1.7198,7.0,0.215,2998,ok
R8003_M8001,30,13,/Users/haojiang/data/AliMeeting/Eval_Ali/Eval_Ali_far/audio_dir/R8003_M8001_MS801.wav,True,1710.0,30.0,16000,8,8.69,0.2897,-49.9269,-56.5271,-49.3803,-40.534,-38.5658,-45.0,15.993,0.1001,0.2001,14.73,0.491,-45.9751,-36.2507,-45.0,4.2833,2.8249,8.0,0.3531,2998,ok
R8003_M8001,30,14,/Users/haojiang/data/AliMeeting/Eval_Ali/Eval_Ali_far/audio_dir/R8003_M8001_MS801.wav,True,1830.0,30.0,16000,8,9.06,0.302,-50.2475,-59.0845,-48.7956,-40.363,-38.3434,-45.0,18.7216,0.1001,0.2001,15.81,0.527,-45.8877,-35.1414,-45.0,5.2216,2.7432,8.0,0.3429,2998,ok
R8007_M8010,30,0,/Users/haojiang/data/AliMeeting/Eval_Ali/Eval_Ali_far/audio_dir/R8007_M8010_MS803.wav,True,30.0,30.0,16000,8,10.04,0.3347,-38.3255,-42.8225,-36.9753,-30.467,-28.6687,-34.8225,12.3555,0.1001,0.2001,11.7,0.39,-33.7782,-26.0238,-30.8039,4.4432,1.5827,6.0,0.1978,2998,ok
R8007_M8010,30,1,/Users/haojiang/data/AliMeeting/Eval_Ali/Eval_Ali_far/audio_dir/R8007_M8010_MS803.wav,True,60.0,30.0,16000,8,11.28,0.376,-37.1677,-41.6026,-35.6672,-28.919,-27.3652,-33.6026,12.6835,0.1001,0.2001,12.05,0.4017,-32.6607,-24.235,-29.2514,4.684,1.6137,6.0,0.2017,2998,ok
R8007_M8010,30,2,/Users/haojiang/data/AliMeeting/Eval_Ali/Eval_Ali_far/audio_dir/R8007_M8010_MS803.wav,True,150.0,30.0,16000,8,6.75,0.225,-38.1007,-41.7473,-37.1933,-31.8132,-30.2135,-33.7473,9.9341,0.1001,0.2001,8.08,0.2693,-33.5309,-26.8674,-29.5556,4.9458,0.8376,3.0,0.1047,2998,ok
R8007_M8010,30,3,/Users/haojiang/data/AliMeeting/Eval_Ali/Eval_Ali_far/audio_dir/R8007_M8010_MS803.wav,True,360.0,30.0,16000,8,13.13,0.4377,-38.6091,-43.5737,-36.6124,-29.6015,-27.9942,-35.5737,13.9722,0.1001,0.2001,14.53,0.4843,-34.1006,-25.2222,-31.5066,4.3793,2.1468,7.0,0.2683,2998,ok
R8007_M8010,30,4,/Users/haojiang/data/AliMeeting/Eval_Ali/Eval_Ali_far/audio_dir/R8007_M8010_MS803.wav,True,390.0,30.0,16000,8,12.46,0.4153,-37.4593,-42.688,-36.0077,-29.5749,-28.5029,-34.688,13.1131,0.1001,0.2001,13.38,0.446,-32.9162,-25.0849,-30.4411,4.49,1.8419,6.0,0.2302,2998,ok
R8007_M8010,30,5,/Users/haojiang/data/AliMeeting/Eval_Ali/Eval_Ali_far/audio_dir/R8007_M8010_MS803.wav,True,420.0,30.0,16000,8,10.19,0.3397,-37.9434,-42.4982,-36.7478,-30.263,-28.9974,-34.4982,12.2352,0.1001,0.2001,11.33,0.3777,-33.5167,-25.6639,-30.3786,4.5991,1.495,5.0,0.1869,2998,ok
R8007_M8010,30,6,/Users/haojiang/data/AliMeeting/Eval_Ali/Eval_Ali_far/audio_dir/R8007_M8010_MS803.wav,True,780.0,30.0,16000,8,7.86,0.262,-35.5739,-39.5019,-34.4462,-28.683,-26.8741,-31.5019,10.8189,0.1001,0.2001,8.6,0.2867,-31.1477,-24.0792,-27.256,4.6039,0.9947,4.0,0.1243,2998,ok
R8007_M8010,30,7,/Users/haojiang/data/AliMeeting/Eval_Ali/Eval_Ali_far/audio_dir/R8007_M8010_MS803.wav,True,960.0,30.0,16000,8,10.92,0.364,-32.9337,-38.2025,-32.6525,-24.267,-22.4505,-30.2025,13.9356,0.1001,0.2001,11.04,0.368,-28.2863,-20.0555,-25.4684,4.2114,1.6915,7.0,0.2114,2998,ok
R8007_M8010,30,8,/Users/haojiang/data/AliMeeting/Eval_Ali/Eval_Ali_far/audio_dir/R8007_M8010_MS803.wav,True,1020.0,30.0,16000,8,13.87,0.4623,-37.0916,-43.3002,-36.1343,-27.739,-26.0609,-35.3002,15.5611,0.1001,0.2001,14.11,0.4703,-32.744,-23.3031,-30.8419,4.436,2.5594,8.0,0.3199,2998,ok
R8007_M8010,30,9,/Users/haojiang/data/AliMeeting/Eval_Ali/Eval_Ali_far/audio_dir/R8007_M8010_MS803.wav,True,1050.0,30.0,16000,8,8.53,0.2843,-37.897,-42.3048,-37.3524,-29.3462,-27.2613,-34.3048,12.9585,0.1001,0.2001,9.13,0.3043,-33.5163,-25.0334,-30.1602,4.3128,1.3222,5.0,0.1653,2998,ok
R8007_M8010,30,10,/Users/haojiang/data/AliMeeting/Eval_Ali/Eval_Ali_far/audio_dir/R8007_M8010_MS803.wav,True,1140.0,30.0,16000,8,9.68,0.3227,-37.7077,-42.336,-36.6667,-29.8407,-28.313,-34.336,12.4953,0.1001,0.2001,10.36,0.3453,-33.1703,-25.5144,-29.9013,4.3263,1.3296,5.0,0.1662,2998,ok
R8007_M8010,30,11,/Users/haojiang/data/AliMeeting/Eval_Ali/Eval_Ali_far/audio_dir/R8007_M8010_MS803.wav,True,1230.0,30.0,16000,8,12.35,0.4117,-37.9934,-42.222,-35.4155,-29.0337,-27.6162,-34.222,13.1882,0.1001,0.2001,14.52,0.484,-33.4036,-24.2361,-30.3441,4.7976,2.0193,6.0,0.2524,2998,ok
R8007_M8010,30,12,/Users/haojiang/data/AliMeeting/Eval_Ali/Eval_Ali_far/audio_dir/R8007_M8010_MS803.wav,True,1320.0,30.0,16000,8,9.93,0.331,-37.5569,-42.4976,-36.8178,-29.2425,-26.9452,-34.4976,13.2551,0.1001,0.2001,10.94,0.3647,-32.9649,-24.7482,-30.1019,4.4943,1.5514,6.0,0.1939,2998,ok
R8007_M8010,30,13,/Users/haojiang/data/AliMeeting/Eval_Ali/Eval_Ali_far/audio_dir/R8007_M8010_MS803.wav,True,1350.0,30.0,16000,8,13.02,0.434,-38.2656,-43.4242,-36.5599,-28.5651,-26.9693,-35.4242,14.859,0.1001,0.2001,14.17,0.4723,-33.5086,-23.415,-31.1995,5.1502,2.2285,8.0,0.2786,2998,ok
R8007_M8010,30,14,/Users/haojiang/data/AliMeeting/Eval_Ali/Eval_Ali_far/audio_dir/R8007_M8010_MS803.wav,True,1770.0,30.0,16000,8,7.68,0.256,-36.0996,-40.0527,-35.2464,-29.0764,-27.9214,-32.0527,10.9764,0.1001,0.2001,7.95,0.265,-31.6686,-24.5901,-27.7805,4.4863,0.9073,4.0,0.1134,2998,ok
R8007_M8011,30,0,/Users/haojiang/data/AliMeeting/Eval_Ali/Eval_Ali_far/audio_dir/R8007_M8011_MS806.wav,True,0.0,30.0,16000,8,13.4,0.4467,-45.5472,-51.3102,-44.1028,-37.5209,-35.802,-43.3102,13.7893,0.1001,0.2001,10.76,0.3587,-41.1451,-33.577,-38.1973,3.9439,1.7058,7.0,0.2132,2998,ok
R8007_M8011,30,1,/Users/haojiang/data/AliMeeting/Eval_Ali/Eval_Ali_far/audio_dir/R8007_M8011_MS806.wav,True,270.0,30.0,16000,8,11.0,0.3667,-40.9642,-45.6327,-40.08,-32.1309,-30.2547,-37.6327,13.5018,0.1001,0.2001,11.74,0.3913,-36.6746,-26.9331,-33.8468,5.1978,1.998,8.0,0.2497,2998,ok
R8007_M8011,30,2,/Users/haojiang/data/AliMeeting/Eval_Ali/Eval_Ali_far/audio_dir/R8007_M8011_MS806.wav,True,300.0,30.0,16000,8,10.86,0.362,-38.3335,-43.3992,-37.7385,-30.3062,-28.5085,-35.3992,13.093,0.1001,0.2001,11.52,0.384,-33.3754,-24.9045,-30.6789,5.4016,1.7462,7.0,0.2183,2998,ok
R8007_M8011,30,3,/Users/haojiang/data/AliMeeting/Eval_Ali/Eval_Ali_far/audio_dir/R8007_M8011_MS806.wav,True,420.0,30.0,16000,8,12.03,0.401,-38.8707,-44.4022,-37.8823,-30.3366,-28.4173,-36.4022,14.0656,0.1001,0.2001,12.81,0.427,-33.9924,-25.0323,-31.7184,5.3043,1.9109,7.0,0.2389,2998,ok
R8007_M8011,30,4,/Users/haojiang/data/AliMeeting/Eval_Ali/Eval_Ali_far/audio_dir/R8007_M8011_MS806.wav,True,510.0,30.0,16000,8,11.88,0.396,-39.8009,-44.5438,-38.2051,-30.9923,-29.2815,-36.5438,13.5515,0.1001,0.2001,12.08,0.4027,-35.0745,-25.7552,-32.055,5.2371,1.9239,7.0,0.2405,2998,ok
R8007_M8011,30,5,/Users/haojiang/data/AliMeeting/Eval_Ali/Eval_Ali_far/audio_dir/R8007_M8011_MS806.wav,True,630.0,30.0,16000,8,11.25,0.375,-40.106,-44.9699,-39.0364,-31.8774,-30.1356,-36.9699,13.0925,0.1001,0.2001,11.78,0.3927,-35.4789,-26.7078,-32.7155,5.1696,1.8182,7.0,0.2273,2998,ok
R8007_M8011,30,6,/Users/haojiang/data/AliMeeting/Eval_Ali/Eval_Ali_far/audio_dir/R8007_M8011_MS806.wav,True,810.0,30.0,16000,8,13.0,0.4333,-41.5892,-47.4009,-40.8208,-31.5456,-29.5216,-39.4009,15.8553,0.1001,0.2001,11.92,0.3973,-37.7071,-27.6448,-35.2078,3.9008,2.3282,8.0,0.291,2998,ok
R8007_M8011,30,7,/Users/haojiang/data/AliMeeting/Eval_Ali/Eval_Ali_far/audio_dir/R8007_M8011_MS806.wav,True,840.0,30.0,16000,8,13.21,0.4403,-38.4366,-43.79,-36.6753,-29.435,-27.7858,-35.79,14.3551,0.1001,0.2001,14.99,0.4997,-33.7428,-24.2668,-31.9939,5.1681,2.5147,8.0,0.3143,2998,ok
R8007_M8011,30,8,/Users/haojiang/data/AliMeeting/Eval_Ali/Eval_Ali_far/audio_dir/R8007_M8011_MS806.wav,True,1110.0,30.0,16000,8,19.81,0.6603,-43.535,-52.4742,-40.9444,-32.3945,-30.0203,-44.4742,20.0797,0.1001,0.2001,20.53,0.6843,-38.9428,-27.2335,-40.6304,5.161,4.5007,8.0,0.5626,2998,ok
R8007_M8011,30,9,/Users/haojiang/data/AliMeeting/Eval_Ali/Eval_Ali_far/audio_dir/R8007_M8011_MS806.wav,True,1320.0,30.0,16000,8,11.38,0.3793,-37.0966,-42.4469,-36.3797,-28.4361,-26.4007,-34.4469,14.0108,0.1001,0.2001,12.54,0.418,-32.0842,-22.9649,-29.7203,5.4712,1.8799,7.0,0.235,2998,ok
R8007_M8011,30,10,/Users/haojiang/data/AliMeeting/Eval_Ali/Eval_Ali_far/audio_dir/R8007_M8011_MS806.wav,True,1440.0,30.0,16000,8,10.61,0.3537,-39.2106,-43.9713,-38.1421,-30.5969,-28.9425,-35.9713,13.3743,0.1001,0.2001,11.73,0.391,-34.9528,-25.4245,-32.2149,5.1724,1.95,8.0,0.2437,2998,ok
R8007_M8011,30,11,/Users/haojiang/data/AliMeeting/Eval_Ali/Eval_Ali_far/audio_dir/R8007_M8011_MS806.wav,True,1530.0,30.0,16000,8,14.97,0.499,-41.2919,-47.9514,-39.9589,-30.2474,-28.2687,-39.9514,17.704,0.1001,0.2001,15.95,0.5317,-36.8575,-24.749,-36.3329,5.4984,3.2181,8.0,0.4023,2998,ok
R8007_M8011,30,12,/Users/haojiang/data/AliMeeting/Eval_Ali/Eval_Ali_far/audio_dir/R8007_M8011_MS806.wav,True,1650.0,30.0,16000,8,13.56,0.452,-41.182,-46.4901,-39.2742,-32.2633,-30.8176,-38.4901,14.2268,0.1001,0.2001,12.9,0.43,-36.8161,-27.3286,-33.9191,4.9346,2.1237,8.0,0.2655,2998,ok
R8007_M8011,30,13,/Users/haojiang/data/AliMeeting/Eval_Ali/Eval_Ali_far/audio_dir/R8007_M8011_MS806.wav,True,1710.0,30.0,16000,8,8.85,0.295,-39.5286,-43.7692,-38.8276,-31.8098,-30.1323,-35.7692,11.9594,0.1001,0.2001,9.51,0.317,-35.3557,-27.333,-31.8416,4.4768,1.4179,6.0,0.1772,2998,ok
R8007_M8011,30,14,/Users/haojiang/data/AliMeeting/Eval_Ali/Eval_Ali_far/audio_dir/R8007_M8011_MS806.wav,True,1740.0,30.0,16000,8,10.09,0.3363,-38.0044,-42.5062,-36.9295,-29.8164,-28.1084,-34.5062,12.6898,0.1001,0.2001,11.48,0.3827,-33.2815,-24.7644,-30.3944,5.0519,1.7205,7.0,0.2151,2998,ok
R8001_M8004,30,0,/Users/haojiang/data/AliMeeting/Eval_Ali/Eval_Ali_far/audio_dir/R8001_M8004_MS801.wav,True,60.0,30.0,16000,8,10.83,0.361,-48.1987,-53.7967,-46.9362,-39.5746,-37.8131,-45.0,14.2221,0.1001,0.2001,13.52,0.4507,-44.2782,-35.182,-42.2601,4.3925,2.2779,8.0,0.2847,2998,ok
R8001_M8004,30,1,/Users/haojiang/data/AliMeeting/Eval_Ali/Eval_Ali_far/audio_dir/R8001_M8004_MS801.wav,True,150.0,30.0,16000,8,11.7,0.39,-45.6825,-51.562,-45.4407,-35.4902,-33.8767,-43.562,16.0718,0.1001,0.2001,12.56,0.4187,-41.6882,-30.6236,-40.0405,4.8666,2.2125,8.0,0.2766,2998,ok
R8001_M8004,30,2,/Users/haojiang/data/AliMeeting/Eval_Ali/Eval_Ali_far/audio_dir/R8001_M8004_MS801.wav,True,180.0,30.0,16000,8,12.76,0.4253,-47.7589,-56.1124,-46.8766,-36.6327,-34.6996,-45.0,19.4797,0.1001,0.2001,16.86,0.562,-43.7408,-31.6811,-44.5884,4.9516,3.7145,8.0,0.4643,2998,ok
R8001_M8004,30,3,/Users/haojiang/data/AliMeeting/Eval_Ali/Eval_Ali_far/audio_dir/R8001_M8004_MS801.wav,True,210.0,30.0,16000,8,13.91,0.4637,-47.4087,-55.7416,-45.6582,-37.6793,-36.1413,-45.0,18.0623,0.1001,0.2001,17.96,0.5987,-43.2377,-32.975,-43.8177,4.7043,3.6211,8.0,0.4526,2998,ok
R8001_M8004,30,4,/Users/haojiang/data/AliMeeting/Eval_Ali/Eval_Ali_far/audio_dir/R8001_M8004_MS801.wav,True,390.0,30.0,16000,8,13.18,0.4393,-44.8323,-51.1624,-44.3964,-34.6106,-32.4902,-43.1624,16.5518,0.1001,0.2001,13.38,0.446,-41.0319,-30.0722,-39.5201,4.5384,2.525,8.0,0.3156,2998,ok
R8001_M8004,30,5,/Users/haojiang/data/AliMeeting/Eval_Ali/Eval_Ali_far/audio_dir/R8001_M8004_MS801.wav,True,480.0,30.0,16000,8,16.68,0.556,-42.5762,-51.2212,-41.523,-31.3522,-29.3126,-43.2212,19.869,0.1001,0.2001,17.12,0.5707,-38.644,-26.675,-39.7171,4.6771,3.8919,8.0,0.4865,2998,ok
R8001_M8004,30,6,/Users/haojiang/data/AliMeeting/Eval_Ali/Eval_Ali_far/audio_dir/R8001_M8004_MS801.wav,True,630.0,30.0,16000,8,10.66,0.3553,-43.0556,-48.7061,-43.0255,-34.6335,-32.5339,-40.7061,14.0726,0.1001,0.2001,11.08,0.3693,-39.267,-30.6345,-36.98,3.999,2.0981,8.0,0.2623,2998,ok
R8001_M8004,30,7,/Users/haojiang/data/AliMeeting/Eval_Ali/Eval_Ali_far/audio_dir/R8001_M8004_MS801.wav,True,660.0,30.0,16000,8,6.9,0.23,-51.4569,-59.5188,-50.2377,-42.4091,-40.7177,-45.0,17.1096,0.1001,0.2001,12.66,0.422,-47.9509,-38.3384,-45.0,4.0708,2.3899,8.0,0.2987,2998,ok
R8001_M8004,30,8,/Users/haojiang/data/AliMeeting/Eval_Ali/Eval_Ali_far/audio_dir/R8001_M8004_MS801.wav,True,720.0,30.0,16000,8,12.88,0.4293,-43.187,-49.6186,-42.9749,-32.138,-29.9255,-41.6186,17.4806,0.1001,0.2001,13.28,0.4427,-39.1754,-27.9531,-37.7166,4.1849,2.5554,8.0,0.3194,2998,ok
R8001_M8004,30,9,/Users/haojiang/data/AliMeeting/Eval_Ali/Eval_Ali_far/audio_dir/R8001_M8004_MS801.wav,True,870.0,30.0,16000,8,10.98,0.366,-43.5307,-49.0102,-43.4796,-35.1722,-33.3682,-41.0102,13.838,0.1001,0.2001,11.26,0.3753,-39.5598,-31.0903,-37.2088,4.082,1.9566,8.0,0.2446,2998,ok
R8001_M8004,30,10,/Users/haojiang/data/AliMeeting/Eval_Ali/Eval_Ali_far/audio_dir/R8001_M8004_MS801.wav,True,1020.0,30.0,16000,8,15.88,0.5293,-43.5699,-51.0957,-42.4137,-33.4797,-31.6136,-43.0957,17.616,0.1001,0.2001,16.38,0.546,-39.6521,-29.0649,-39.5769,4.4148,3.3989,8.0,0.4249,2998,ok
R8001_M8004,30,11,/Users/haojiang/data/AliMeeting/Eval_Ali/Eval_Ali_far/audio_dir/R8001_M8004_MS801.wav,True,1140.0,30.0,16000,8,9.6,0.32,-47.8317,-53.2619,-47.8221,-39.0745,-34.8875,-45.0,14.1874,0.1001,0.2001,10.69,0.3563,-44.348,-35.5633,-41.9838,3.5112,1.9286,8.0,0.2411,2998,ok
R8001_M8004,30,12,/Users/haojiang/data/AliMeeting/Eval_Ali/Eval_Ali_far/audio_dir/R8001_M8004_MS801.wav,True,1320.0,30.0,16000,8,9.68,0.3227,-42.7531,-47.5331,-42.421,-34.0647,-32.0825,-39.5331,13.4684,0.1001,0.2001,10.14,0.338,-39.085,-30.1355,-36.048,3.9292,1.9276,8.0,0.241,2998,ok
R8001_M8004,30,13,/Users/haojiang/data/AliMeeting/Eval_Ali/Eval_Ali_far/audio_dir/R8001_M8004_MS801.wav,True,1440.0,30.0,16000,8,7.16,0.2387,-50.3195,-57.4875,-49.5543,-41.8129,-39.3513,-45.0,15.6746,0.1001,0.2001,13.41,0.447,-46.9176,-37.9058,-45.0,3.907,2.6334,8.0,0.3292,2998,ok
R8001_M8004,30,14,/Users/haojiang/data/AliMeeting/Eval_Ali/Eval_Ali_far/audio_dir/R8001_M8004_MS801.wav,True,1500.0,30.0,16000,8,9.61,0.3203,-48.3886,-54.43,-47.7879,-40.2084,-38.081,-45.0,14.2217,0.1001,0.2001,13.54,0.4513,-44.7995,-36.5664,-43.1019,3.642,2.4393,8.0,0.3049,2998,ok
R8009_M8020,30,0,/Users/haojiang/data/AliMeeting/Eval_Ali/Eval_Ali_far/audio_dir/R8009_M8020_MS810.wav,True,60.0,30.0,16000,8,10.09,0.3363,-51.3069,-62.9071,-48.7236,-40.1777,-38.3211,-45.0,22.7294,0.1001,0.2001,15.92,0.5307,-46.6359,-35.243,-45.0,4.9347,2.8519,8.0,0.3565,2998,ok
R8009_M8020,30,1,/Users/haojiang/data/AliMeeting/Eval_Ali/Eval_Ali_far/audio_dir/R8009_M8020_MS810.wav,True,120.0,30.0,16000,8,11.95,0.3983,-49.146,-57.349,-46.874,-39.6311,-37.9559,-45.0,17.7179,0.1001,0.2001,18.59,0.6197,-44.026,-34.7604,-44.3516,4.8707,3.1504,8.0,0.3938,2998,ok
R8009_M8020,30,2,/Users/haojiang/data/AliMeeting/Eval_Ali/Eval_Ali_far/audio_dir/R8009_M8020_MS810.wav,True,150.0,30.0,16000,8,14.5,0.4833,-47.0009,-53.3354,-45.3901,-38.1592,-36.8274,-45.0,15.1763,0.1001,0.2001,15.09,0.503,-41.9731,-33.091,-40.3844,5.0682,2.1498,6.0,0.2687,2998,ok
R8009_M8020,30,3,/Users/haojiang/data/AliMeeting/Eval_Ali/Eval_Ali_far/audio_dir/R8009_M8020_MS810.wav,True,360.0,30.0,16000,8,12.12,0.404,-50.4531,-63.4931,-48.3362,-37.2877,-35.6682,-45.0,26.2053,0.1001,0.2001,16.29,0.543,-45.5778,-31.9348,-45.0,5.3529,3.516,8.0,0.4395,2998,ok
R8009_M8020,30,4,/Users/haojiang/data/AliMeeting/Eval_Ali/Eval_Ali_far/audio_dir/R8009_M8020_MS810.wav,True,540.0,30.0,16000,8,16.27,0.5423,-46.4517,-55.4406,-44.1026,-35.9845,-34.4068,-45.0,19.4561,0.1001,0.2001,18.58,0.6193,-41.6697,-30.7234,-42.6752,5.2611,3.6908,8.0,0.4613,2998,ok
R8009_M8020,30,5,/Users/haojiang/data/AliMeeting/Eval_Ali/Eval_Ali_far/audio_dir/R8009_M8020_MS810.wav,True,690.0,30.0,16000,8,15.92,0.5307,-45.9779,-52.3764,-43.7199,-36.717,-35.357,-44.3764,15.6593,0.1001,0.2001,16.08,0.536,-41.0687,-31.7017,-39.572,5.0153,2.3783,6.0,0.2973,2998,ok
R8009_M8020,30,6,/Users/haojiang/data/AliMeeting/Eval_Ali/Eval_Ali_far/audio_dir/R8009_M8020_MS810.wav,True,720.0,30.0,16000,8,15.26,0.5087,-46.8937,-54.662,-44.6368,-37.1862,-35.6061,-45.0,17.4758,0.1001,0.2001,18.06,0.602,-41.9637,-32.086,-42.2806,5.1002,3.3442,8.0,0.418,2998,ok
R8009_M8020,30,7,/Users/haojiang/data/AliMeeting/Eval_Ali/Eval_Ali_far/audio_dir/R8009_M8020_MS810.wav,True,1050.0,30.0,16000,8,15.37,0.5123,-47.2083,-57.1266,-44.7278,-35.9667,-34.3164,-45.0,21.1599,0.1001,0.2001,19.06,0.6353,-42.6666,-31.0823,-44.2678,4.8844,4.034,8.0,0.5043,2998,ok
R8009_M8020,30,8,/Users/haojiang/data/AliMeeting/Eval_Ali/Eval_Ali_far/audio_dir/R8009_M8020_MS810.wav,True,1080.0,30.0,16000,8,14.86,0.4953,-47.3029,-56.0215,-45.1361,-37.2575,-35.7264,-45.0,18.764,0.1001,0.2001,17.93,0.5977,-42.3863,-32.2518,-42.9769,5.0058,3.3939,8.0,0.4242,2998,ok
R8009_M8020,30,9,/Users/haojiang/data/AliMeeting/Eval_Ali/Eval_Ali_far/audio_dir/R8009_M8020_MS810.wav,True,1170.0,30.0,16000,8,14.45,0.4817,-47.5658,-56.7967,-45.4838,-37.269,-35.5322,-45.0,19.5277,0.1001,0.2001,18.57,0.619,-42.796,-32.0064,-44.1442,5.2626,3.7392,8.0,0.4674,2998,ok
R8009_M8020,30,10,/Users/haojiang/data/AliMeeting/Eval_Ali/Eval_Ali_far/audio_dir/R8009_M8020_MS810.wav,True,1200.0,30.0,16000,8,13.32,0.444,-48.3801,-58.1443,-46.3278,-37.0897,-35.3385,-45.0,21.0546,0.1001,0.2001,18.74,0.6247,-43.7095,-32.2002,-45.0,4.8895,3.7485,8.0,0.4686,2998,ok
R8009_M8020,30,11,/Users/haojiang/data/AliMeeting/Eval_Ali/Eval_Ali_far/audio_dir/R8009_M8020_MS810.wav,True,1350.0,30.0,16000,8,14.3,0.4767,-47.3982,-54.9335,-45.4943,-38.1107,-36.4676,-45.0,16.8227,0.1001,0.2001,16.73,0.5577,-42.3587,-33.3873,-41.6072,4.7234,2.6361,8.0,0.3295,2998,ok
R8009_M8020,30,12,/Users/haojiang/data/AliMeeting/Eval_Ali/Eval_Ali_far/audio_dir/R8009_M8020_MS810.wav,True,1590.0,30.0,16000,8,15.78,0.526,-46.6328,-56.0084,-44.4302,-36.2384,-34.7664,-45.0,19.77,0.1001,0.2001,19.27,0.6423,-42.0028,-31.5191,-43.2607,4.7193,3.9276,8.0,0.491,2998,ok
R8009_M8020,30,13,/Users/haojiang/data/AliMeeting/Eval_Ali/Eval_Ali_far/audio_dir/R8009_M8020_MS810.wav,True,1770.0,30.0,16000,8,12.4,0.4133,-49.6515,-62.5738,-47.0612,-37.5478,-35.9034,-45.0,25.0259,0.1001,0.2001,17.5,0.5833,-44.9083,-32.2386,-45.0,5.3092,3.6101,8.0,0.4513,2998,ok
R8009_M8020,30,14,/Users/haojiang/data/AliMeeting/Eval_Ali/Eval_Ali_far/audio_dir/R8009_M8020_MS810.wav,True,1860.0,30.0,16000,8,12.1,0.4033,-49.583,-62.6261,-47.4919,-36.7646,-35.1578,-45.0,25.8615,0.1001,0.2001,17.28,0.576,-44.7349,-31.4803,-45.0,5.2843,3.6204,8.0,0.4526,2998,ok
R8009_M8018,30,0,/Users/haojiang/data/AliMeeting/Eval_Ali/Eval_Ali_far/audio_dir/R8009_M8018_MS809.wav,True,150.0,30.0,16000,8,9.46,0.3153,-50.1304,-57.868,-49.009,-40.3154,-38.4496,-45.0,17.5526,0.1001,0.2001,16.08,0.536,-44.1683,-34.0475,-43.6431,6.2679,2.4663,8.0,0.3083,2998,ok
R8009_M8018,30,1,/Users/haojiang/data/AliMeeting/Eval_Ali/Eval_Ali_far/audio_dir/R8009_M8018_MS809.wav,True,180.0,30.0,16000,8,9.71,0.3237,-48.4593,-54.5276,-48.0031,-40.0613,-38.1438,-45.0,14.4664,0.1001,0.2001,10.89,0.363,-42.7982,-34.7221,-40.1888,5.3392,1.3919,5.0,0.174,2998,ok
R8009_M8018,30,2,/Users/haojiang/data/AliMeeting/Eval_Ali/Eval_Ali_far/audio_dir/R8009_M8018_MS809.wav,True,300.0,30.0,16000,8,10.0,0.3333,-50.05,-60.3061,-48.5886,-38.1641,-35.5962,-45.0,22.142,0.1001,0.2001,18.49,0.6163,-43.4974,-31.996,-45.0,6.1681,3.3149,8.0,0.4144,2998,ok
R8009_M8018,30,3,/Users/haojiang/data/AliMeeting/Eval_Ali/Eval_Ali_far/audio_dir/R8009_M8018_MS809.wav,True,420.0,30.0,16000,8,11.51,0.3837,-49.1337,-58.2051,-47.8898,-38.62,-36.3502,-45.0,19.5851,0.1001,0.2001,17.21,0.5737,-43.7321,-32.8969,-45.0,5.7231,3.4887,8.0,0.4361,2998,ok
R8009_M8018,30,4,/Users/haojiang/data/AliMeeting/Eval_Ali/Eval_Ali_far/audio_dir/R8009_M8018_MS809.wav,True,510.0,30.0,16000,8,5.72,0.1907,-52.2791,-60.3228,-52.2282,-41.3476,-39.0256,-45.0,18.9751,0.1001,0.2001,14.18,0.4727,-45.9506,-35.4346,-45.0,5.913,2.1438,8.0,0.268,2998,ok
R8009_M8018,30,5,/Users/haojiang/data/AliMeeting/Eval_Ali/Eval_Ali_far/audio_dir/R8009_M8018_MS809.wav,True,540.0,30.0,16000,8,10.4,0.3467,-48.5496,-54.4019,-48.2632,-38.8373,-36.8072,-45.0,15.5646,0.1001,0.2001,11.5,0.3833,-42.7536,-33.3414,-40.0486,5.4959,1.5404,6.0,0.1925,2998,ok
R8009_M8018,30,6,/Users/haojiang/data/AliMeeting/Eval_Ali/Eval_Ali_far/audio_dir/R8009_M8018_MS809.wav,True,660.0,30.0,16000,8,11.59,0.3863,-48.6826,-56.7649,-46.9833,-38.349,-36.532,-45.0,18.4159,0.1001,0.2001,16.65,0.555,-42.9591,-33.069,-42.411,5.2801,2.6868,8.0,0.3358,2998,ok
R8009_M8018,30,7,/Users/haojiang/data/AliMeeting/Eval_Ali/Eval_Ali_far/audio_dir/R8009_M8018_MS809.wav,True,690.0,30.0,16000,8,8.69,0.2897,-50.2788,-57.4826,-50.0893,-39.9187,-37.3412,-45.0,17.5638,0.1001,0.2001,14.41,0.4803,-44.3465,-34.0477,-43.3311,5.871,2.2608,8.0,0.2826,2998,ok
R8009_M8018,30,8,/Users/haojiang/data/AliMeeting/Eval_Ali/Eval_Ali_far/audio_dir/R8009_M8018_MS809.wav,True,720.0,30.0,16000,8,10.0,0.3333,-48.9359,-56.0013,-48.3615,-38.9582,-36.835,-45.0,17.0431,0.1001,0.2001,14.22,0.474,-43.1854,-33.5266,-41.9097,5.4316,2.1408,8.0,0.2676,2998,ok
R8009_M8018,30,9,/Users/haojiang/data/AliMeeting/Eval_Ali/Eval_Ali_far/audio_dir/R8009_M8018_MS809.wav,True,870.0,30.0,16000,8,7.01,0.2337,-50.7532,-57.6011,-50.0607,-40.9008,-38.3943,-45.0,16.7003,0.1001,0.2001,13.62,0.454,-44.9783,-35.362,-43.3047,5.5387,1.8759,7.0,0.2345,2998,ok
R8009_M8018,30,10,/Users/haojiang/data/AliMeeting/Eval_Ali/Eval_Ali_far/audio_dir/R8009_M8018_MS809.wav,True,1200.0,30.0,16000,8,8.13,0.271,-50.4757,-57.7462,-49.7623,-40.4584,-38.4067,-45.0,17.2878,0.1001,0.2001,14.47,0.4823,-44.5929,-34.9708,-43.4244,5.4876,2.1204,8.0,0.2651,2998,ok
R8009_M8018,30,11,/Users/haojiang/data/AliMeeting/Eval_Ali/Eval_Ali_far/audio_dir/R8009_M8018_MS809.wav,True,1260.0,30.0,16000,8,9.95,0.3317,-49.7179,-57.5345,-48.1995,-40.2458,-37.8295,-45.0,17.2886,0.1001,0.2001,15.81,0.527,-44.1526,-34.8046,-43.1963,5.4412,2.456,8.0,0.307,2998,ok
R8009_M8018,30,12,/Users/haojiang/data/AliMeeting/Eval_Ali/Eval_Ali_far/audio_dir/R8009_M8018_MS809.wav,True,1290.0,30.0,16000,8,10.44,0.348,-49.5148,-58.1159,-48.2736,-39.6151,-37.9931,-45.0,18.5008,0.1001,0.2001,17.14,0.5713,-44.0222,-34.3793,-44.1263,5.2357,3.0247,8.0,0.3781,2998,ok
R8009_M8018,30,13,/Users/haojiang/data/AliMeeting/Eval_Ali/Eval_Ali_far/audio_dir/R8009_M8018_MS809.wav,True,1470.0,30.0,16000,8,11.2,0.3733,-49.2105,-56.6153,-47.6409,-39.6326,-37.7491,-45.0,16.9827,0.1001,0.2001,16.31,0.5437,-43.5685,-33.9994,-42.7607,5.6332,2.454,7.0,0.3067,2998,ok
R8009_M8018,30,14,/Users/haojiang/data/AliMeeting/Eval_Ali/Eval_Ali_far/audio_dir/R8009_M8018_MS809.wav,True,1590.0,30.0,16000,8,8.12,0.2707,-50.7312,-58.2699,-49.8986,-40.2338,-38.0694,-45.0,18.0362,0.1001,0.2001,15.0,0.5,-44.6822,-34.4302,-43.8747,5.8036,2.3682,8.0,0.296,2998,ok
R8009_M8019,30,0,/Users/haojiang/data/AliMeeting/Eval_Ali/Eval_Ali_far/audio_dir/R8009_M8019_MS810.wav,True,120.0,30.0,16000,8,8.12,0.2707,-51.0183,-60.9107,-49.8137,-39.8534,-37.5184,-45.0,21.0573,0.1001,0.2001,13.94,0.4647,-46.9661,-35.7735,-45.0,4.0799,2.5217,8.0,0.3152,2998,ok
R8009_M8019,30,1,/Users/haojiang/data/AliMeeting/Eval_Ali/Eval_Ali_far/audio_dir/R8009_M8019_MS810.wav,True,300.0,30.0,16000,8,7.97,0.2657,-52.2551,-64.4289,-51.3967,-38.1292,-35.2352,-45.0,26.2997,0.1001,0.2001,12.71,0.4237,-47.9136,-33.6023,-45.0,4.5269,2.454,8.0,0.3067,2998,ok
R8009_M8019,30,2,/Users/haojiang/data/AliMeeting/Eval_Ali/Eval_Ali_far/audio_dir/R8009_M8019_MS810.wav,True,450.0,30.0,16000,8,10.19,0.3397,-49.6896,-59.5265,-49.0418,-36.6745,-34.147,-45.0,22.8519,0.1001,0.2001,16.03,0.5343,-44.8526,-31.7785,-45.0,4.896,3.1498,8.0,0.3937,2998,ok
R8009_M8019,30,3,/Users/haojiang/data/AliMeeting/Eval_Ali/Eval_Ali_far/audio_dir/R8009_M8019_MS810.wav,True,780.0,30.0,16000,8,5.5,0.1833,-52.0493,-59.1604,-51.7567,-41.2839,-36.8203,-45.0,17.8764,0.1001,0.2001,12.68,0.4227,-47.2112,-36.8443,-45.0,4.4396,2.0287,8.0,0.2536,2998,ok
R8009_M8019,30,4,/Users/haojiang/data/AliMeeting/Eval_Ali/Eval_Ali_far/audio_dir/R8009_M8019_MS810.wav,True,870.0,30.0,16000,8,3.56,0.1187,-53.0522,-61.2409,-51.4963,-44.5029,-42.7271,-45.0,16.738,0.1001,0.2001,12.13,0.4043,-48.2187,-39.2692,-45.0,5.2337,1.7121,5.0,0.214,2998,ok
R8009_M8019,30,5,/Users/haojiang/data/AliMeeting/Eval_Ali/Eval_Ali_far/audio_dir/R8009_M8019_MS810.wav,True,1020.0,30.0,16000,8,7.17,0.239,-50.317,-57.1448,-49.7043,-39.847,-35.9406,-45.0,17.2978,0.1001,0.2001,13.76,0.4587,-45.9114,-35.3908,-44.7342,4.4562,2.4026,8.0,0.3003,2998,ok
R8009_M8019,30,6,/Users/haojiang/data/AliMeeting/Eval_Ali/Eval_Ali_far/audio_dir/R8009_M8019_MS810.wav,True,1140.0,30.0,16000,8,6.02,0.2007,-52.2318,-61.6924,-51.2003,-40.775,-38.253,-45.0,20.9173,0.1001,0.2001,13.12,0.4373,-47.2994,-36.4241,-45.0,4.3509,2.2068,8.0,0.2759,2998,ok
R8009_M8019,30,7,/Users/haojiang/data/AliMeeting/Eval_Ali/Eval_Ali_far/audio_dir/R8009_M8019_MS810.wav,True,1200.0,30.0,16000,8,5.74,0.1913,-54.0321,-64.2506,-53.7428,-41.5206,-37.8298,-45.0,22.73,0.1001,0.2001,10.48,0.3493,-49.4591,-37.0096,-45.0,4.511,1.9036,8.0,0.238,2998,ok
R8009_M8019,30,8,/Users/haojiang/data/AliMeeting/Eval_Ali/Eval_Ali_far/audio_dir/R8009_M8019_MS810.wav,True,1230.0,30.0,16000,8,12.75,0.425,-47.0249,-55.6575,-47.0176,-33.9205,-31.1658,-45.0,21.737,0.1001,0.2001,15.95,0.5317,-42.8142,-29.5923,-43.6172,4.3283,3.3496,8.0,0.4187,2998,ok
R8009_M8019,30,9,/Users/haojiang/data/AliMeeting/Eval_Ali/Eval_Ali_far/audio_dir/R8009_M8019_MS810.wav,True,1290.0,30.0,16000,8,12.2,0.4067,-48.6393,-58.3878,-48.0791,-35.815,-33.2656,-45.0,22.5728,0.1001,0.2001,16.16,0.5387,-44.5539,-31.8645,-45.0,3.9505,3.5584,8.0,0.4448,2998,ok
R8009_M8019,30,10,/Users/haojiang/data/AliMeeting/Eval_Ali/Eval_Ali_far/audio_dir/R8009_M8019_MS810.wav,True,1320.0,30.0,16000,8,9.32,0.3107,-49.2955,-57.2093,-49.2522,-35.6691,-33.5316,-45.0,21.5401,0.1001,0.2001,14.34,0.478,-44.8927,-31.037,-44.7189,4.6322,2.8849,8.0,0.3606,2998,ok
R8009_M8019,30,11,/Users/haojiang/data/AliMeeting/Eval_Ali/Eval_Ali_far/audio_dir/R8009_M8019_MS810.wav,True,1380.0,30.0,16000,8,7.53,0.251,-51.6483,-61.0322,-50.6027,-40.6397,-37.8722,-45.0,20.3924,0.1001,0.2001,13.25,0.4417,-47.2606,-36.2417,-45.0,4.398,2.3539,8.0,0.2942,2998,ok
R8009_M8019,30,12,/Users/haojiang/data/AliMeeting/Eval_Ali/Eval_Ali_far/audio_dir/R8009_M8019_MS810.wav,True,1650.0,30.0,16000,8,1.34,0.0447,-55.2612,-61.7012,-54.5546,-47.0829,-45.2529,-45.0,14.6183,0.1001,0.2001,6.58,0.2193,-50.7113,-42.0927,-45.0,4.9903,0.7488,4.0,0.0936,2998,ok
R8009_M8019,30,13,/Users/haojiang/data/AliMeeting/Eval_Ali/Eval_Ali_far/audio_dir/R8009_M8019_MS810.wav,True,1770.0,30.0,16000,8,4.42,0.1473,-55.1838,-66.0207,-53.6815,-42.9395,-39.8381,-45.0,23.0813,0.1001,0.2001,9.59,0.3197,-50.6002,-38.6517,-45.0,4.2878,1.5277,6.0,0.191,2998,ok
R8009_M8019,30,14,/Users/haojiang/data/AliMeeting/Eval_Ali/Eval_Ali_far/audio_dir/R8009_M8019_MS810.wav,True,1890.0,30.0,16000,8,4.91,0.1637,-52.9628,-60.1557,-52.0264,-42.8169,-40.2134,-45.0,17.3388,0.1001,0.2001,11.24,0.3747,-48.1366,-38.1808,-45.0,4.6361,1.7392,6.0,0.2174,2998,ok
R8008_M8013,30,0,/Users/haojiang/data/AliMeeting/Eval_Ali/Eval_Ali_far/audio_dir/R8008_M8013_MS807.wav,True,120.0,30.0,16000,8,4.26,0.142,-50.6301,-55.1611,-49.9915,-44.1142,-42.9033,-45.0,11.0469,0.1001,0.2001,9.05,0.3017,-46.2639,-39.141,-42.913,4.9732,1.0227,4.0,0.1278,2998,ok
R8008_M8013,30,1,/Users/haojiang/data/AliMeeting/Eval_Ali/Eval_Ali_far/audio_dir/R8008_M8013_MS807.wav,True,210.0,30.0,16000,8,2.63,0.0877,-52.0843,-58.0099,-51.1363,-45.2754,-43.712,-45.0,12.7346,0.1001,0.2001,10.52,0.3507,-48.26,-40.9093,-45.0,4.366,1.3883,5.0,0.1735,2998,ok
R8008_M8013,30,2,/Users/haojiang/data/AliMeeting/Eval_Ali/Eval_Ali_far/audio_dir/R8008_M8013_MS807.wav,True,390.0,30.0,16000,8,1.07,0.0357,-53.9248,-60.4649,-53.2331,-46.7672,-45.608,-45.0,13.6977,0.1001,0.2001,7.83,0.261,-49.4977,-42.4626,-45.0,4.3046,0.8332,3.0,0.1042,2998,ok
R8008_M8013,30,3,/Users/haojiang/data/AliMeeting/Eval_Ali/Eval_Ali_far/audio_dir/R8008_M8013_MS807.wav,True,840.0,30.0,16000,8,2.44,0.0813,-51.8347,-55.9565,-51.4386,-45.5996,-43.8994,-45.0,10.357,0.1001,0.2001,8.51,0.2837,-47.3683,-40.5216,-44.0522,5.0779,0.9073,3.0,0.1134,2998,ok
R8008_M8013,30,4,/Users/haojiang/data/AliMeeting/Eval_Ali/Eval_Ali_far/audio_dir/R8008_M8013_MS807.wav,True,870.0,30.0,16000,8,1.79,0.0597,-52.4646,-57.9877,-51.3551,-45.8218,-44.6773,-45.0,12.166,0.1001,0.2001,10.03,0.3343,-48.4797,-41.2946,-45.0,4.5271,1.2318,4.0,0.154,2998,ok
R8008_M8013,30,5,/Users/haojiang/data/AliMeeting/Eval_Ali/Eval_Ali_far/audio_dir/R8008_M8013_MS807.wav,True,1020.0,30.0,16000,8,2.85,0.095,-51.1751,-55.8028,-50.2866,-45.0793,-43.8506,-45.0,10.7235,0.1001,0.2001,10.12,0.3373,-47.1172,-40.5835,-44.0037,4.4958,1.1971,4.0,0.1496,2998,ok
R8008_M8013,30,6,/Users/haojiang/data/AliMeeting/Eval_Ali/Eval_Ali_far/audio_dir/R8008_M8013_MS807.wav,True,1080.0,30.0,16000,8,2.12,0.0707,-53.0568,-59.3406,-52.3348,-45.7422,-44.283,-45.0,13.5984,0.1001,0.2001,9.06,0.302,-49.1769,-41.3152,-45.0,4.427,1.2185,5.0,0.1523,2998,ok
R8008_M8013,30,7,/Users/haojiang/data/AliMeeting/Eval_Ali/Eval_Ali_far/audio_dir/R8008_M8013_MS807.wav,True,1200.0,30.0,16000,8,2.13,0.071,-52.7713,-58.8555,-51.667,-45.83,-44.3878,-45.0,13.0256,0.1001,0.2001,8.81,0.2937,-48.8412,-41.4111,-45.0,4.4189,1.1411,4.0,0.1426,2998,ok
R8008_M8013,30,8,/Users/haojiang/data/AliMeeting/Eval_Ali/Eval_Ali_far/audio_dir/R8008_M8013_MS807.wav,True,1230.0,30.0,16000,8,1.28,0.0427,-54.5459,-60.9025,-53.9188,-46.7833,-45.3899,-45.0,14.1192,0.1001,0.2001,5.7,0.19,-50.9079,-43.1366,-45.0,3.6467,0.6878,3.0,0.086,2998,ok
R8008_M8013,30,9,/Users/haojiang/data/AliMeeting/Eval_Ali/Eval_Ali_far/audio_dir/R8008_M8013_MS807.wav,True,1440.0,30.0,16000,8,1.15,0.0383,-52.7363,-57.2592,-52.1342,-46.9648,-45.5091,-45.0,10.2944,0.1001,0.2001,8.25,0.275,-48.4659,-42.4398,-45.0,4.525,0.8509,3.0,0.1064,2998,ok
R8008_M8013,30,10,/Users/haojiang/data/AliMeeting/Eval_Ali/Eval_Ali_far/audio_dir/R8008_M8013_MS807.wav,True,1530.0,30.0,16000,8,0.75,0.025,-55.2246,-61.5022,-55.0697,-47.673,-46.3428,-45.0,13.8292,0.1001,0.2001,5.41,0.1803,-51.3528,-43.4472,-45.0,4.2258,0.5804,2.0,0.0725,2998,ok
R8008_M8013,30,11,/Users/haojiang/data/AliMeeting/Eval_Ali/Eval_Ali_far/audio_dir/R8008_M8013_MS807.wav,True,1740.0,30.0,16000,8,1.87,0.0623,-54.0728,-61.3126,-53.062,-45.9942,-44.6124,-45.0,15.3185,0.1001,0.2001,7.78,0.2593,-50.4394,-42.0287,-45.0,3.9655,1.0147,4.0,0.1268,2998,ok
R8008_M8013,30,12,/Users/haojiang/data/AliMeeting/Eval_Ali/Eval_Ali_far/audio_dir/R8008_M8013_MS807.wav,True,1980.0,30.0,16000,8,1.3,0.0433,-51.8975,-56.4151,-51.1347,-46.2972,-45.2694,-45.0,10.1179,0.1001,0.2001,7.75,0.2583,-47.9617,-42.1571,-44.3572,4.1401,0.8199,3.0,0.1025,2998,ok
R8008_M8013,30,13,/Users/haojiang/data/AliMeeting/Eval_Ali/Eval_Ali_far/audio_dir/R8008_M8013_MS807.wav,True,2130.0,30.0,16000,8,1.69,0.0563,-52.3758,-57.8368,-51.6276,-46.1869,-44.7943,-45.0,11.6499,0.1001,0.2001,10.04,0.3347,-48.0481,-41.2564,-45.0,4.9305,1.1508,4.0,0.1438,2998,ok
R8008_M8013,30,14,/Users/haojiang/data/AliMeeting/Eval_Ali/Eval_Ali_far/audio_dir/R8008_M8013_MS807.wav,True,2160.0,30.0,16000,8,1.52,0.0507,-52.3756,-57.523,-51.0336,-46.2244,-44.9767,-45.0,11.2986,0.1001,0.2001,11.06,0.3687,-48.029,-41.4081,-45.0,4.8163,1.2048,4.0,0.1506,2998,ok
